<?xml version="1.0" encoding="UTF-8"?>
<project-private xmlns="http://www.netbeans.org/ns/project-private/1">
    <editor-bookmarks xmlns="http://www.netbeans.org/ns/editor-bookmarks/2" lastBookmarkId="1">
        <file>
            <url>proprias.h</url>
            <bookmark id="1">
                <name/>
                <line>15</line>
                <key/>
            </bookmark>
        </file>
    </editor-bookmarks>
    <open-files xmlns="http://www.netbeans.org/ns/projectui-open-files/2">
        <group>
            <file>file:/C:/Users/aluno/Desktop/PROJETO%20SEMÁFORO/Semaforo.X/main.c</file>
            <file>file:/C:/Users/aluno/Desktop/PROJETO%20SEMÁFORO/Semaforo.X/proprias.c</file>
        </group>
    </open-files>
</project-private>
